id;line_1;line_2;line_3;line_4;city;postal_code
1;models CFP Franc Human;Quality;Frozen hacking Home Loan Account;synthesizing;Lake Harvey;Sports Handcrafted Concrete Chicken Architect
2;optical Customer;Cambridgeshire Pants;convergence;Health copy;New Chadrick;override Chair Credit Card Account
3;Developer;Awesome Wooden Table;invoice;indexing Ports;Leuschkeville;generating Guyana Dollar
4;Incredible capacitor Grove;hacking;interactive;navigate Skyway orchid;Ortizchester;Alaska
5;Quality-focused;synthesizing;National National Avon;Orchestrator calculating;North Olenfort;HTTP Shirt Gardens
6;alarm Quality-focused Neck;quantifying;object-oriented USB;National;Spencerchester;Texas
7;invoice Accounts Savings Account;motivating;Auto Loan Account Administrator Luxembourg;Awesome clicks-and-mortar;Wehnerborough;calculate Credit Card Account calculating
8;calculate;multi-tasking Tasty;time-frame;evolve Architect;Christaburgh;deposit
9;Principal payment;fuchsia Lari Advanced;Cameroon circuit navigating;virtual;Hermannfort;purple Soft
10;open-source COM;Gorgeous Plastic Car Cambridgeshire;primary;compelling withdrawal task-force;East Mariannahaven;USB Fantastic Steel Bike
