id;name;description;status;created_by;created_date;last_modified_by;last_modified_date
1;Table;projection Versatile;INACTIVE;Refined District HTTP;2020-05-02T21:24:29;Music Chief;2020-05-02T11:27:28
2;XML orchestrate Planner;enterprise Belarussian Ruble;INACTIVE;Nevada;2020-05-03T03:21:30;harness architectures red;2020-05-03T03:07:39
3;Persevering Program;mesh fresh-thinking Designer;RESTRICTED;Czech Koruna;2020-05-02T20:40:22;Home Loan Account deposit;2020-05-03T04:28:55
4;Investment Account pink Investor;compress;INACTIVE;Versatile real-time Rustic;2020-05-02T17:33:31;payment;2020-05-02T10:10:36
5;throughput Home Loan Account revolutionize;District withdrawal;ACTIVE;Avon invoice;2020-05-02T19:09:16;Web SQL;2020-05-03T06:05:05
6;Unbranded Wooden Mouse Central;feed driver;ACTIVE;National;2020-05-02T14:07:17;sky blue Cambridgeshire;2020-05-02T09:08:26
7;salmon Pitcairn Islands Direct;Avon empower Central;ACTIVE;XML SQL Armenian Dram;2020-05-02T23:10:27;Cambridgeshire;2020-05-02T09:41:30
8;circuit;Gorgeous Steel Gloves Chicken;INACTIVE;digital help-desk;2020-05-02T23:50:01;Liaison Plaza frame;2020-05-03T04:07:29
9;Texas Refined;Palladium;RESTRICTED;Handcrafted Ergonomic Frozen Pants UIC-Franc;2020-05-02T17:23:04;mint green silver Games;2020-05-02T12:57:19
10;PNG quantify;Metal circuit Electronics;RESTRICTED;Incredible Metal Cheese;2020-05-03T04:15:15;Applications;2020-05-03T05:44:55
