id;entity_type;entity_id;path;file_name;sequence;description;created_by;created_date;last_modified_by;last_modified_date
1;copy Data monitor;30297;Estates;Granite back-end Mouse;72699;adapter Seamless;Small;2020-05-02T10:21:09;disintermediate Florida Cameroon;2020-05-03T07:09:41
2;Handmade Soft Cheese generating;28686;Fresh synthesizing Bulgarian Lev;overriding backing up Keyboard;94918;unleash auxiliary Computer;transmit;2020-05-02T18:43:58;vertical mint green;2020-05-02T23:59:59
3;product facilitate 24/365;3620;bi-directional Specialist;Maryland unleash;25321;Liaison Liaison protocol;Highway;2020-05-03T01:50:32;Group;2020-05-02T07:57:39
4;Optional;39667;workforce synergistic;productivity Rubber firewall;73846;RAM;data-warehouse Cambridgeshire Frozen;2020-05-02T12:11:37;Agent deposit;2020-05-03T02:28:46
5;Refined optimize;28479;Brand;Coordinator;99036;content-based compelling Supervisor;Web;2020-05-03T05:45:17;24/365 needs-based Investment Account;2020-05-02T15:38:58
6;South Georgia and the South Sandwich Islands;21827;National program;Buckinghamshire navigating;59097;Sausages Auto Loan Account Producer;Internal;2020-05-02T21:05:22;compressing interactive;2020-05-02T19:39:49
7;Vista;82619;embrace Frozen;Business-focused;41010;core Direct;Home Loan Account;2020-05-02T19:18:52;invoice;2020-05-02T18:55:26
8;District azure Personal Loan Account;8596;Texas SMS Credit Card Account;Unbranded array;2276;generating program;XSS viral;2020-05-02T10:58:48;Fresh Idaho calculating;2020-05-02T14:56:39
9;leading edge blue;32488;Unbranded Ergonomic Wooden Keyboard;District bypass;81006;vortals;Bedfordshire Music Automotive;2020-05-02T13:15:49;Soap synthesizing Incredible Plastic Cheese;2020-05-02T15:35:43
10;auxiliary Sausages;17299;Bedfordshire Soap;payment Markets;79180;Lithuanian Litas calculate open-source;Group withdrawal;2020-05-02T21:12:26;out-of-the-box auxiliary;2020-05-02T12:33:21
